id,proponent_id,project,macrosector
1,1,Como Manter a Esperança?,Saúde e Bem-estar
2,2,Labirinto do Aprendizado,Educação
3,3,Energia Solar,Energia e Recursos
4,4,CRISPR-Cas9 na Terapia Gênica,Ciência e Pesquisa
5,5,Campanha de Conscientização sobre Economia de Água em Condomínios,Sustentabilidade
6,6,SmartCommute,Tecnologia e Informação
7,7,TechBridge: Capacitação em Tecnologia para Jovens em Situação de Risco,Educação
8,8,Programa de Comunicação Interna,Comunicação e Mídia
9,9,Vita Verde (Vida Verde),Meio Ambiente
10,10,Iniciativa de Educação Financeira,Educação
11,11,HealthTech Innovate,Tecnologia e Inovação
12,12,Yacht de Yeux (Iate dos Olhos),Serviços Sociais
13,13,EcoDrive Solutions,Tecnologia e Inovação
14,14,Avanços em Nanotecnologia para Energia Renovável,Ciência e Pesquisa
15,15,ESPAÇO (Estratégias Sustentáveis para Preservação Ambiental e Comunidades Organizadas),Meio Ambiente
16,16,ZêniteZaffre,Ciência e Pesquisa
17,17,Inovação Intensa,Tecnologia e Inovação
18,18,Tech para o Amanhã: Bootcamp de Codificação para Jovens Desfavorecidos,Educação
19,19,Corazon Community (Comunidade Coração),Serviços Sociais
20,20,Zenith,Tecnologia e Inovação
21,21,O Que Nos Move?,Saúde e Bem-estar
22,22,Energia Limpa para Todos: Instalação de Painéis Solares em Habitação de Baixa Renda,Energia e Recursos
23,23,Crescimento e Cooperação,Economia e Finanças
24,24,Iniciativa de Valorização da Cultura Quilombola em Escolas,Educação
25,25,Iniciativa Renascer,Educação
26,26,ArteAerolito,Arte e Cultura
27,27,AGIR (Ações Globais de Impacto e Resposta),Serviços Sociais
28,28,ConexãoTech,Tecnologia e Informação
29,29,MosaicoMolecular,Ciência e Pesquisa
30,30,Desenvolvimento de Tecnologia para Monitoramento de Desmatamento na Amazônia,Tecnologia e Inovação
31,31,QuantumQuartzo,Ciência e Pesquisa
32,32,FísicaFiligrana,Ciência e Pesquisa
33,33,Projeto Renovação Empresarial,Desenvolvimento Econômico e Empresarial
34,34,Estudos de Interação Genoma-Ambiente na Psicologia,Ciência e Pesquisa
35,35,SmartCity Systems,Tecnologia e Inovação
36,36,Iniciativa Diversidade na Totvs,Serviços Sociais
37,37,Empreenda Verde: Estímulo ao Empreendedorismo Sustentável,Sustentabilidade
38,38,Legado Luminoso,Arte e Cultura
39,39,EcoFerry,Transporte e Logística
40,40,LíderesEmpatía+,Serviços Sociais
41,41,Desenvolvimento de Tecnologia para Reciclagem de Resíduos Orgânicos,Tecnologia e Inovação
42,42,EmpowerWomen: Capacitação Feminina,Educação
43,43,TechBoost: Impulso Tecnológico para Inovação,Tecnologia e Inovação
44,44,Escada do Sucesso,Educação
45,45,Tranquillité Technologique (Tranquilidade Tecnológica),Tecnologia e Inovação
46,46,Manto da Mudança,Serviços Sociais
47,47,GreenLogistics,Sustentabilidade
48,48,Nêmesis Néctar,Agricultura e Alimentação
49,49,Davinci Data,Tecnologia e Inovação
50,50,Ações de Felicidade na Pharmalife,Saúde e Bem-estar
51,51,O Que Faz Você Feliz?,Saúde e Bem-estar
52,52,Proyecto de Evaluación de Desempeño,Educação
53,53,Rede de Empoderamento Juvenil: Programa de Desenvolvimento de Liderança,Educação
54,54,Caminho Limpo: Redução da Poluição Veicular,Tecnologia e Inovação
55,55,Chave do Conhecimento,Educação
56,56,CleanVehicle Technologies,Tecnologia e Inovação
57,57,Ações de Promoção da Saúde Mental em Hospitais Públicos,Saúde e Bem-estar
58,58,Desenvolvimento de Vacinas de RNA Mensageiro,Engenharia
59,59,Reflorestamento e Biodiversidade,Meio Ambiente
60,60,DesafioCultural,Arte e Cultura
61,61,Inclusão Digital,Tecnologia e Inovação
62,62,Ações de Promoção da Diversidade e Inclusão em Instituições de Ensino Médio,Educação
63,63,Tecnologia Verde,Tecnologia e Inovação
64,64,Qualidade Quântica,Ciência e Pesquisa
65,65,Programa de Crescimento Profissional,Educação
66,66,AprendizadoAtivo,Educação
67,67,Iniciativa de Inclusão Digital em Comunidades Marginalizadas,Tecnologia e Inovação
68,68,Projeto Impacto Positivo,Sustentabilidade
69,69,Cápsula do Tempo,Arte e Cultura
70,70,Iniciativa Diversidade na Vivo,Serviços Sociais
71,71,Projeto Equidade na Vale,Serviços Sociais
72,72,Ponte para o Amanhã,Sustentabilidade
73,73,Rede de Conexões,Tecnologia e Inovação
74,74,Habilidades Holísticas,Educação
75,75,GreenTech: Desenvolvimento de Tecnologias Limpas,Tecnologia e Inovação
76,76,Bastião da Biodiversidade,Meio Ambiente
77,77,Cidades Verdes,Desenvolvimento Urbano e Infraestrutura
78,78,EducaCambio,Educação
79,79,FuturoCultural,Arte e Cultura
80,80,Programa de Planejamento de Carreira,Educação
81,81,Elevate,Educação
82,82,Projeto de Inclusão Digital para Idosos em Instituições de Longa Permanência,Educação
83,83,Asas da Liberdade,Direito e Governança
84,84,Programa de Capacitação em Agricultura Sustentável para Pequenos Produtores,Educação
85,85,Projeto de Aprendizagem Organizacional,Educação
86,86,Floresta Viva,Meio Ambiente
87,87,PACTO (Programa de Ação Comunitária e Transformação Organizacional),Serviços Sociais
88,88,Inspiración Ilimitada (Inspiração Ilimitada),Educação
89,89,VOA (Visão Organizada de Ação),Geral e Diversificado
90,90,Medusa de Media,Comunicação e Mídia
91,91,SOLAR (Soluções Orgânicas e Liderança para Agricultura Responsável),Agricultura e Alimentação
92,92,AcciónTransformadora,Serviços Sociais
93,93,Inovação com Intenção,Tecnologia e Inovação
94,94,SaúdeSodalita,Saúde e Bem-estar
95,95,Ações de Promoção da Diversidade e Inclusão em Instituições de Ensino Fundamental,Educação
96,96,Campanha de Sensibilização para a Conservação de Espécies Ameaçadas,Sustentabilidade
97,97,Educação para a Diversidade,Educação
98,98,Engenharia Genética Experimental,Engenharia
99,99,Corrente do Bem,Serviços Sociais
100,100,Tech para Todos: Acesso Digital para Organizações Sem Fins Lucrativos,Tecnologia e Inovação
101,101,Quando Começar a Agir?,Educação
102,102,Projeto de Tecnologia na Samsung,Tecnologia e Inovação
103,103,Iniciativa de Inovação na Intel,Tecnologia e Inovação
104,104,Programa Empoderamento na Marfrig,Serviços Sociais
105,105,Jogo de vida,Educação
106,106,Projeto Transformação,Educação
107,107,O Que Nos Inspira?,Arte e Cultura
108,108,TransitVision,Tecnologia e Informação
109,109,Quem Seremos Amanhã?,Educação
110,110,Por Que Reciclar?,Sustentabilidade
111,111,Project HOPE: Programa de Assistência Médica para Comunidades Carentes,Saúde e Bem-estar
112,112,SustentaFuturo,Sustentabilidade
113,113,Muralha da Motivação,Serviços Sociais
114,114,DigitalHealth Hub,Tecnologia e Inovação
115,115,SmartEco,Tecnologia e Inovação
116,116,Navegar o Conhecimento,Educação
117,117,Lápis de Luxor,Educação
118,118,EnviroDrive,Transporte e Logística
119,119,Projeto Alegria e Bem-Estar,Saúde e Bem-estar
120,120,Technologie Tranquille (Tecnologia Tranquila),Tecnologia e Inovação
121,121,Ferramentas para o Sucesso,Educação
122,122,EcoGlide,Sustentabilidade
123,123,CriaçãoSaúde,Saúde e Inovação
124,124,LIMPA (Liderança e Inovação em Manejo e Proteção Ambiental),Meio Ambiente
125,125,Green Horizons: Educação Ambiental para a Juventude,Educação
126,126,Desafio do Desenvolvimento,Educação
127,127,SustainableShipping,Transporte e Logística
128,128,Lumière Learning (Aprendizado Iluminado),Educação
129,129,Master,Educação
130,130,Iniciativa de Desenvolvimento de Resiliência,Educação
131,131,Projeto Renascimento,Saúde e Bem-estar
132,132,Inclusão no Trabalho,Serviços Sociais
133,133,ECOAR (Educação Comunitária e Oportunidades de Aprendizado Rural),Educação
134,134,ConstruyeEquidad,Serviços Sociais
135,135,Jardin de Joy (Jardim de Alegria),Meio Ambiente
136,136,Mosaico Multicultural,Direito e Governança
137,137,ImpulsaInnovación,Educação
138,138,HabitatHematita,Meio Ambiente
139,139,Programa de Bem-Estar na Intel,Saúde e Bem-estar
140,140,EcoBike Sharing,Sustentabilidade
141,141,Programa de Flexibilidade no Trabalho,Gestão e Recursos Humanos
142,142,RISO (Resposta Inovadora para Saúde e Oportunidade),Saúde e Bem-estar
143,143,REAL (Reforma Educativa para Aprendizagem Livre),Educação
144,144,Espelho da Sociedade,Serviços Sociais
145,145,Vórtice de Virtudes,Serviços Sociais
146,146,NúcleoNefrite,Ciência e Pesquisa
147,147,Proyecto Valor+,Serviços Sociais
148,148,Beyond Barriers: Inclusão de Refugiados no Mercado de Trabalho,Serviços Sociais
149,149,Ações de bem-estar e saúde mental na Wacker,Saúde e Bem-estar
150,150,EcoMover,Sustentabilidade
151,151,Kleos de Conhecimento,Educação
152,152,Vela da Visão,Ciência e Pesquisa
153,153,Empreenda Verde: Incentivo ao Empreendedorismo Sustentável,Sustentabilidade
154,154,Desenvolvimento de Tecnologia para Monitoramento de Fauna Silvestre,Tecnologia e Inovação
155,155,Projeto Igualdade na Magazine Luiza,Serviços Sociais
156,156,Programa de Química Orgânica Sintética,Ciência e Pesquisa
157,157,VórticeVanilla,Meio Ambiente
158,158,SmartWaterways,Sustentabilidade
159,159,Quem Vai Curar o Mundo?,Saúde e Bem-estar
160,160,Programa de Capacitação em Empreendedorismo para Mulheres em Situação de Vulnerabilidade,Educação
161,161,Como Conectamos o Mundo?,Tecnologia e Comunicação
162,162,Jovens Líderes para Ação Climática,Meio Ambiente
163,163,Cielo Claro (Céu Claro),Meio Ambiente
164,164,SmartTransit,Tecnologia e Inovação
165,165,Energia Eficiente,Energia e Recursos
166,166,DigitalHealth Innovations,Saúde e Tecnologia
167,167,BioInova,Engenharia
168,168,GreenInfrastructure,Sustentabilidade
169,169,"Clean Streets, Futuro Verde: Projeto de Embellecimento Urbano",Sustentabilidade
170,170,Youth Empowerment Program: Leadership Development for At-Risk Youth,Educação
171,171,Construindo o Futuro,Educação
172,172,Quando Nos Tornamos Sustentáveis?,Sustentabilidade
173,173,EcoTransit,Transporte e Logística
174,174,Campanha de Sensibilização para a Redução do Uso de Plásticos em Praças Públicas,Meio Ambiente
175,175,Estudos de Materiais Fotovoltaicos para Energia Solar,Engenharia
176,176,DE&I na Gerdau,Serviços Sociais
177,177,EducaEclipse,Educação
178,178,Ações de DE&I na Thyssenkrupp,Serviços Sociais
179,179,Programa de Capacitação em Tecnologia para Pessoas com Deficiência Auditiva,Educação
180,180,Onda de Mudança,Desenvolvimento Comunitário
181,181,Engenharia de Materiais Inteligentes,Engenharia
182,182,Por Que Escolher Este Caminho?,Educação
183,183,Hércules de Hidroponia,Agricultura e Alimentação
184,184,Campanha de Conscientização sobre Consumo Responsável de Moda Infantil,Sustentabilidade
185,185,TransTech Innovations,Transporte e Tecnologia
186,186,Novos Nascimentos,Saúde e Bem-estar
187,187,Ícaro Inovador,Tecnologia e Inovação
188,188,Programa de Resiliência,Educação
189,189,Quem Protege o Planeta?,Meio Ambiente
190,190,Programa de Capacitação em Empreendedorismo para Mulheres Chefes de Família,Educação
191,191,GreenJet,Sustentabilidade
192,192,Talentos em Transformação,Educação
193,193,DesenvolveFuturo,Educação
194,194,Projeto Igualdade na BR Distribuidora,Serviços Sociais
195,195,Inovação em Robótica Biomimética,Tecnologia e Inovação
196,196,VidaVerde,Meio Ambiente
197,197,EducaLiderazgo,Educação
198,198,Apoio na agenda de descarbonização na cadeia de suprimentos,Sustentabilidade
199,199,Programa de Estudos de Ecossistemas Marinhos,Meio Ambiente
200,200,Quero Querer,Saúde e Bem-estar
201,201,Hermes Health,Saúde e Bem-estar
202,202,Beyond Borders: Integração de Refugiados no Mercado de Trabalho,Serviços Sociais
203,203,Éden Ecológico,Meio Ambiente
204,204,CresceCriativo,Educação
205,205,Arco do Desenvolvimento,Economia e Finanças
206,206,Projeto de Inteligência Emocional,Educação
207,207,MarítimoModerno,Transporte e Logística
208,208,EcoSpeed,Transporte e Logística
209,209,WirelessWolframita,Tecnologia e Comunicação
210,210,Estudos de Mecânica Quântica com Circuitos Supercondutores,Ciência e Pesquisa
211,211,Iniciativa de Mentoría Profesional,Educação
212,212,Desenvolvimento de Tecnologia para Monitoramento de Deslizamentos de Terra,Tecnologia e Inovação
213,213,Resiliência Robusta,Sustentabilidade
214,214,Astronomia Observacional com Telescópios Espaciais,Ciência e Pesquisa
215,215,Fortalecendo Relações,Educação
216,216,Programa Respire,Saúde e Bem-estar
217,217,Iniciativa Diversidade na Kroton,Serviços Sociais
218,218,Projeto de Implantação de Sistemas de Energia Eólica em Comunidades Costeiras,Energia e Recursos
219,219,Projeto Conexão Pessoal,Serviços Sociais
220,220,EducaSustentável,Educação e Meio Ambiente
221,221,Projeto de Diversidade na Disney,Serviços Sociais
222,222,Lumière de Lune (Luz da Lua),Arte e Cultura
223,223,Movimento Transparência 100%,Direito e Governança
224,224,Construção de Equipes,Educação
225,225,FutureMobility,Tecnologia e Informação
226,226,IA generativa e ciência de dados,Tecnologia e Inovação
227,227,Biblioteca de Babel,Educação
228,228,IA em Reconhecimento de Padrões Neurais,Tecnologia e Dados
229,229,IdeiaIridescente,Empreendedorismo e Inovação
230,230,WonderWealth,Economia e Finanças
231,231,Lanterna da Liberdade,Serviços Sociais
232,232,Instituto MRV,Educação
233,233,ElectricRide Sharing,Sustentabilidade
234,234,Récolte Richesse (Colheita Riqueza),Agricultura e Alimentação
235,235,ConstruyeJuntos,Serviços Sociais
236,236,Arte para Impacto: Oficinas de Expressão Criativa,Arte e Cultura
237,237,Projeto Equidade na CPFL Energia,Serviços Sociais
238,238,Zonas de Zen,Saúde e Bem-estar
239,239,Estudos de Cultura de Feedback,Educação
240,240,Inclusão no Ambiente de Trabalho,Serviços Sociais
241,241,GreenRoute Solutions,Tecnologia e Inovação
242,242,EcoLearn: Aprendizado Ecológico,Educação e Meio Ambiente
243,243,Como Podemos Viver Melhor?,Saúde e Bem-estar
244,244,EcoTrucking,Transporte e Logística
245,245,Arco-íris da Inclusão,Serviços Sociais
246,246,Saúde e Segurança,Saúde e Bem-estar
247,247,Programa Inclusão na C&A,Serviços Sociais
248,248,Estudos de Ecossistemas Aquáticos com DNA Metabarcoding,Meio Ambiente
249,249,Revive,Meio Ambiente
250,250,Foco no Bem-Estar,Saúde e Bem-estar
251,251,Programa de Diversidade na Amazon,Serviços Sociais
252,252,Project HOPE: Healthcare Outreach Program for Underserved Communities,Saúde e Bem-estar
253,253,Bem-Estar Básico,Saúde e Bem-estar
254,254,Quem Ganha com a Inovação?,Economia e Finanças
255,255,Glow Up,Saúde e Bem-estar
256,256,Atlas do Avanço,Educação
257,257,Farol do Desenvolvimento,Economia e Finanças
258,258,Zênite do Zelo,Educação
259,259,União Urbana,Desenvolvimento Urbano e Infraestrutura
260,260,Parceria com Escolas para Implantação de Projetos de Compostagem,Educação
261,261,Por Que Nos Importamos?,Saúde e Bem-estar
262,262,Promoção da Saúde Mental,Saúde e Bem-estar
263,263,AeroAgilidade,Tecnologia e Inovação
264,264,Valoriza Vida,Saúde e Bem-estar
265,265,Certificação de empresas brasileiras como B-CORP.,Desenvolvimento Econômico e Empresarial
266,266,Desenvolvimento de Fármacos com AI,Saúde e Indústria
267,267,CAMPO (Capacitação Agrícola e Manejo de Práticas Orgânicas),Agricultura e Alimentação
268,268,Recursos Renováveis,Energia e Recursos
269,269,Iniciativa de Desenvolvimento na Visa,Educação
270,270,Nêutron de Newton,Ciência e Pesquisa
271,271,Espaço Sideral,Ciência e Pesquisa
272,272,IA em Neurociência Computacional,Ciência e Pesquisa
273,273,AirFlow,Tecnologia e Informação
274,274,Iniciativa Diversidade na Localiza,Serviços Sociais
275,275,Pilar do Progresso,Desenvolvimento Urbano e Infraestrutura
276,276,AceleraTalentos,Educação
277,277,Projeto de Inclusão de Pessoas com Deficiência no Mercado de Trabalho,Gestão e Recursos Humanos
278,278,Quando Seremos Iguais?,Direito e Governança
279,279,Estudos de Fenômenos Quânticos em Nanoestruturas,Ciência e Pesquisa
280,280,FutureTransit Tech,Tecnologia e Informação
281,281,RobóticaResiliente,Tecnologia e Inovação
282,282,RizomaRubi,Ciência e Pesquisa
283,283,FutureTech Labs,Tecnologia e Inovação
284,284,Formação e capacitação de mulheres para ambientes e lideranças fabris,Educação
285,285,Estudio de Satisfacción del Empleado,Educação
286,286,Catalyst,Empreendedorismo e Inovação
287,287,Programa de Biologia Evolutiva Experimental,Ciência e Pesquisa
288,288,Iniciativa de Pesquisa em Neurociência Computacional,Ciência e Pesquisa
289,289,GenomaGlobal,Ciência e Pesquisa
290,290,WheelsOfTomorrow,Tecnologia e Informação
291,291,Iniciativa de Inclusão de Pessoas com Deficiência,Serviços Sociais
292,292,Projeto de Criação de Hortas Comunitárias em Bairros Urbanos,Agricultura e Alimentação
293,293,PromoveCultura,Arte e Cultura
294,294,BemEstarBio,Engenharia
295,295,Programa Inclusão na Ultrapar,Serviços Sociais
296,296,Projeto Equidade na Alpargatas,Serviços Sociais
297,297,Greening the Grid: Transição para Fontes de Energia Renovável,Energia e Recursos
298,298,SemeiaSucesso,Educação
299,299,TechTravels,Tecnologia e Informação
300,300,SmartRoads,Tecnologia e Informação
301,301,Conexão Humana,Serviços Sociais
302,302,InovaçãoSaúde,Saúde e Bem-estar
303,303,Arco da Inovação,Tecnologia e Inovação
304,304,Programa de Transformação na LinkedIn,Tecnologia e Inovação
305,305,Programa de Capacitação em Tecnologia para Pessoas com Deficiência Visual,Educação
306,306,Promoção da Felicidade,Saúde e Bem-estar
307,307,Por Que Não Agora?,Educação
308,308,Parceria com ONGs para Promoção da Economia Criativa em Favelas,Desenvolvimento Econômico e Empresarial
309,309,Raízes do Crescimento,Desenvolvimento Econômico e Empresarial
310,310,Empreendedorismo Social: Capacitação de Microempreendedores,Empreendedorismo e Inovação
311,311,FutureMobility Tech,Tecnologia e Informação
312,312,Atlas Ambiental,Meio Ambiente
313,313,Iniciativa de Bem-Estar na Facebook,Saúde e Bem-estar
314,314,EnviroWheels,Sustentabilidade
315,315,Estudos de Liderança Eficaz,Educação
316,316,EnergiaEmpodera,Energia e Recursos
317,317,Olímpia Organização,Desporto e Lazer
318,318,Vitalize,Saúde e Bem-estar
319,319,Iniciativa de Desenvolvimento de Liderança,Educação
320,320,UrbanShift,Tecnologia e Informação
321,321,EmpowerTech: Capacitação Tecnológica,Tecnologia e Inovação
322,322,Pirâmide do Poder,Direito e Governança
323,323,Programa de Educação Financeira e Previdenciária,Educação
324,324,Projeto de Psicologia Cognitiva Aplicada,Saúde e Bem-estar
325,325,Rota de Reciclagem,Sustentabilidade
326,326,Desenvolvimento de Tecnologia para Monitoramento de Incidência de Doenças Transmitidas por Vetores,Tecnologia e Inovação
327,327,GELO (Gestão Ecológica e Liderança Organizada),Meio Ambiente
328,328,Programa de Desenvolvimento Organizacional,Estratégia e Gestão
329,329,Terra Firma (Terra Firme),Meio Ambiente
330,330,Ações de Educação Ambiental em Unidades de Conservação,Educação
331,331,Nutrição infantil via merenda escolar,Saúde e Bem-estar
332,332,EcoMobilize,Sustentabilidade
333,333,SEMENTE (Sistemas Ecológicos e Métodos para Educação e Natureza Transformadora),Educação
334,334,Caleidoscópio Cultural,Arte e Cultura
335,335,Programa de Estudos de Biologia Celular,Ciência e Pesquisa
336,336,Diversity in Tech: Promoting Diversity in the Tech Industry,Direito e Governança
337,337,EducaçãoConsciente,Educação
338,338,DespertaDesejo,Marketing e Comunicação
339,339,Vênus de Vida,Saúde e Bem-estar
340,340,Estudos de Cultura Organizacional,Educação
341,341,CrescerCompaixão,Saúde e Bem-estar
342,342,GênioGeométrico,Ciência e Pesquisa
343,343,Projeto de Inclusão na Tesla,Serviços Sociais
344,344,GENTE (Geração de Energia Nova e Tecnologias Ecoeficientes),Energia e Recursos
345,345,Parceria com Instituições de Ensino Superior para Pesquisa em Energias Renováveis,Educação
346,346,Projeto Futuro Brilhante,Educação
347,347,Parceria com ONGs para Recuperação de Áreas Contaminadas,Sustentabilidade
348,348,DesenvolveCidades,Desenvolvimento Urbano e Infraestrutura
349,349,EnergiaEsmeralda,Energia e Recursos
350,350,Projeto de Gestão de Talentos,Gestão e Recursos Humanos
351,351,Universidade Corporativa,Educação
352,352,PESCA (Programa de Educação Sustentável e Conservação Aquática),Educação
353,353,UrbanDrive,Desenvolvimento Urbano e Infraestrutura
354,354,Projeto Equidade na SulAmérica,Serviços Sociais
355,355,Iniciativa de Biologia Estrutural,Ciência e Pesquisa
356,356,KinéticaCultural,Arte e Cultura
357,357,Horizon Harmonieux (Horizonte Harmonioso),Serviços Sociais
358,358,Templo do Tempo,Arte e Cultura
359,359,DataSavvy,Tecnologia e Dados
360,360,Programa Inclusão na Suzano,Serviços Sociais
361,361,Desenvolvimento de Tecnologia para Reciclagem de Resíduos de Eletrônicos,Tecnologia e Inovação
362,362,Cultura de Colaboração,Educação
363,363,GreenTech Drive,Tecnologia e Inovação
364,364,CUIDA (Comunidade Unida pela Inclusão e Desenvolvimento de Atividades),Serviços Sociais
365,365,Impacto Positivo,Serviços Sociais
366,366,Programa de Oceanografia Aplicada,Ciência e Pesquisa
367,367,Alimentação Saudável,Saúde e Bem-estar
368,368,ElectricUrban,Transporte e Logística
369,369,Astronomia Observacional,Ciência e Pesquisa
370,370,Projeto Futuro,Tecnologia e Inovação
371,371,Iniciativa de Promoção da Saúde Mental,Saúde e Bem-estar
372,372,Campanha de Conscientização sobre Desperdício de Alimentos em Supermercados,Sustentabilidade
373,373,Educação Continuada,Educação
374,374,Programa de Genética de Populações,Ciência e Pesquisa
375,375,CRISPR-Cas12 para Edição Precisa de Genes,Ciência e Pesquisa
376,376,Iniciativa Resiliência,Saúde e Bem-estar
377,377,Projeto Igualdade na Votorantim,Serviços Sociais
378,378,CriaçãoVerde,Arte e Cultura
379,379,ProsperaRH,Educação
380,380,Iniciativa Diversidade na BRF,Serviços Sociais
381,381,Projeto de Reutilização de Materiais de Construção em Obras Públicas,Sustentabilidade
382,382,Transfórmate+,Educação
383,383,Transcendental Transport,Transporte e Logística
384,384,Olho da Verdade,Comunicação e Mídia
385,385,MotionMasters,Tecnologia e Informação
386,386,Relógio do Mundo,Tecnologia e Informação
387,387,Programa de Transformação na Unilever,Tecnologia e Inovação
388,388,Projeto de Avaliação de Desempenho,Gestão e Recursos Humanos
389,389,Programa Pequenos Negócios Fortalecidos,Desenvolvimento Econômico e Empresarial
390,390,Oasis da Inovação,Tecnologia e Informação
391,391,EmpowerED: Tecnologia Educacional para Escolas Carentes,Tecnologia e Educação
392,392,ConectaCidades,Desenvolvimento Urbano e Infraestrutura
393,393,Fênix Financeira,Economia e Finanças
394,394,Nutrição Nítida,Saúde e Bem-estar
395,395,FutureTransshipment,Tecnologia e Informação
396,396,Jovens com Juízo,Educação
397,397,CleanEnergy Tech,Tecnologia e Inovação
398,398,Optimize,Tecnologia e Inovação
399,399,Sócrates Sociais,Educação
400,400,Carpe Diem Comunidade,Serviços Sociais
401,401,Quimera de Qualidade,Estratégia e Gestão
402,402,Projeto Equidade na Embraer,Serviços Sociais
403,403,SustainCity: Cidade Sustentável,Sustentabilidade
404,404,Diamante da Diversidade,Direito e Governança
405,405,FutureDrone Delivery,Tecnologia e Informação
406,406,Arte e Ação,Arte e Cultura
407,407,Ações de Promoção da Saúde Mental em Ambientes de Trabalho,Saúde e Bem-estar
408,408,Ecologia Computacional,Meio Ambiente
409,409,Pioneiros da Paz,Direito e Governança
410,410,Transforma+RH,Educação
411,411,Estudos de Workforce Planning,Educação
412,412,Programa de Educação Continuada,Educação
413,413,Progresso Participativo,Serviços Sociais
414,414,Física de Partículas Avançada,Ciência e Pesquisa
415,415,Estudos de Materiais Supercondutores para Eletrônica Quântica,Ciência e Pesquisa
416,416,EcoVida: Programa de Sensibilização Ambiental em Comunidades,Sustentabilidade
417,417,CultivaComunidade,Serviços Sociais
418,418,Empower,Serviços Sociais
419,419,MARÉ (Movimento Ambiental para a Revitalização Ecológica),Meio Ambiente
420,420,EcoDelivery,Sustentabilidade
421,421,SustentaSocial,Serviços Sociais
422,422,Iniciativa de Bienestar Laboral,Saúde e Bem-estar
423,423,Projeto Abrace-se,Serviços Sociais
424,424,Alimentazione Alma (Alimentação Alma),Saúde e Bem-estar
425,425,FuturoSostenible,Sustentabilidade
426,426,Projeto de Diversidade na IBM,Serviços Sociais
427,427,Surge,Tecnologia e Inovação
428,428,Projeto de Construção Sustentável em Áreas Urbanas,Sustentabilidade
429,429,YouLead: Liderança Juvenil,Educação
430,430,Como Preservar a Natureza?,Meio Ambiente
431,431,Parceria com Escolas para Implementação de Projetos de Compostagem,Educação
432,432,FutureTransit,Transporte e Logística
433,433,CleanCommute,Sustentabilidade
434,434,Diversity in Tech: Incentivo à Diversidade na Indústria de Tecnologia,Serviços Sociais
435,435,Programa de Capacitação em Empreendedorismo para Jovens de Comunidades Carentes,Educação
436,436,GreenAir,Tecnologia e Inovação
437,437,Ulisses Urbanismo,Desenvolvimento Urbano e Infraestrutura
438,438,Biomas,Meio Ambiente
439,439,AçãoComunitária,Desenvolvimento Comunitário
440,440,Projeto Transformação na Microsoft,Tecnologia e Inovação
441,441,Coração da Comunidade,Desenvolvimento Comunitário
442,442,Caminhos para o Sucesso,Educação
443,443,SpeedScape,Tecnologia e Informação
444,444,Projeto Mente Saudável,Saúde e Bem-estar
445,445,ArtesAnalíticas,Arte e Cultura
446,446,Sustainable Finance,Economia e Finanças
447,447,VIVER (Vigilância Inovadora para a Valorização de Ecossistemas Rurais),Meio Ambiente
448,448,Iniciativa de Desenvolvimento na Netflix,Educação
449,449,JuventudeJusta,Serviços Sociais
450,450,Programa Empreendedorismo em Ação,Empreendedorismo e Inovação
451,451,Inovação e Aprendizado,Educação
452,452,Campo de Descobertas,Ciência e Pesquisa
453,453,PromoveSustentabilidade,Sustentabilidade
454,454,SmartTrucking,Transporte e Logística
455,455,Programa Empoderamento na JSL,Serviços Sociais
456,456,Escudo da Saúde,Saúde e Bem-estar
457,457,Kalypso Klima,Meio Ambiente
458,458,GreenLiving Tech,Tecnologia e Inovação
459,459,EmpowerMulher: Programa de Empreendedorismo Feminino,Serviços Sociais
460,460,EcoTech Innovations,Tecnologia e Meio Ambiente
461,461,GreenTech para Agricultura Sustentável,Tecnologia e Inovação
462,462,Quête de Qualité (Busca por Qualidade),Desenvolvimento Econômico e Empresarial
463,463,FutureCycling,Sustentabilidade
464,464,ConexiónEmpatía,Serviços Sociais
465,465,MUDA (Movimento Unificado para o Desenvolvimento Ambiental),Meio Ambiente
466,466,Parceria com ONGs para Recuperação de Áreas Degradadas,Sustentabilidade
467,467,Programa Desperte,Educação
468,468,Iniciativa Diversidade na Natura,Serviços Sociais
469,469,Projeto de Inovação na PepsiCo,Tecnologia e Inovação
470,470,Ações de Felicidade na Farmapar,Saúde e Bem-estar
471,471,SaúdeSegura,Saúde e Bem-estar
472,472,TechBridge: Treinamento de Habilidades Digitais para Jovens Desempregados,Educação
473,473,AURA (Ações Unificadas para Revitalização Ambiental),Meio Ambiente
474,474,Iniciativa de Ecologia Computacional,Meio Ambiente
475,475,LógicaLuneta,Ciência e Pesquisa
476,476,Capacitação e Desenvolvimento,Educação
477,477,Mar de Ideias,Empreendedorismo e Inovação
478,478,Conquer,Educação
479,479,GrafenoGirassol,Tecnologia e Inovação
480,480,GreenTech: Tecnologia Sustentável,Tecnologia e Meio Ambiente
481,481,Programa Empoderamento na Raízen,Serviços Sociais
482,482,AeroNex,Tecnologia e Inovação
483,483,GreenTech Innovations,Tecnologia e Meio Ambiente
484,484,Formação Fértil,Educação
485,485,Thrive,Desenvolvimento Comunitário
486,486,Castelo da Cultura,Arte e Cultura
487,487,Estudos de Retenção de Talentos,Educação
488,488,Lanterna do Conhecimento,Educação
489,489,TranscendXpress,Transporte e Logística
490,490,Programa Acelera Negócios,Empreendedorismo e Inovação
491,491,CRISPR na Edição de Microrganismos,Engenharia
492,492,Workshops Wellness (Bem-Estar),Saúde e Bem-estar
493,493,LAGO (Liderança e Ação para Gestão Organizada),Meio Ambiente
494,494,Projeto de Robótica Autônoma,Tecnologia e Inovação
495,495,UneUniversos,Arte e Cultura
496,496,HealthTech Innovations,Tecnologia e Inovação
497,497,Projeto de Gestão de Desempenho Individual,Gestão e Recursos Humanos
498,498,Estudos de Gestão da Mudança,Educação
499,499,Programa de Engenharia Genética,Engenharia
500,500,Onde Estão as Soluções?,Tecnologia e Inovação
501,501,Iniciativa Diversidade na Suzano,Serviços Sociais
502,502,Quando Mudar?,Educação
503,503,Raio de Luz,Educação
504,504,Estudos de Desenvolvimento Pessoal,Educação
505,505,MobilidadeMalva,Transporte e Logística
506,506,ForçaFutura,Educação
507,507,Kiwi do Conhecimento,Educação
508,508,Sustainable Cities Initiative: Projeto de Renovação Urbana,Sustentabilidade
509,509,ReciclaRhodonita,Meio Ambiente
510,510,Projeto de Capacitação Profissional,Educação
511,511,Iniciativa de Redução do Uso de Plástico em Embalagens de Alimentos,Sustentabilidade
512,512,Sustainable Agriculture Initiative: Práticas de Agricultura Sustentável,Agricultura e Alimentação
513,513,Questões Qualitativas,Educação
514,514,Desenvolvimento de Equipe,Educação
515,515,Desenvolvimento Dedicado,Economia e Finanças
516,516,ConstruyeInclusión,Serviços Sociais
517,517,Ascend,Educação
518,518,Balança do Bem,Serviços Sociais
519,519,Neurociência Computacional e IA,Ciência e Pesquisa
520,520,Viva Voce (Com a Voz),Serviços Sociais
521,521,ImpulsaBienestar,Saúde e Bem-estar
522,522,PlanetaPeridoto,Sustentabilidade
523,523,PINHO (Preservação Integrada de Habitats e Oportunidades Naturais),Meio Ambiente
524,524,KinéticaKiwi,Ciência e Pesquisa
525,525,ImpulsaEmpreendedorismo,Empreendedorismo e Inovação
526,526,Programa Impulso Empreendedor,Empreendedorismo e Inovação
527,527,GeneGênio,Ciência e Pesquisa
528,528,ConstróiNegócios,Empreendedorismo e Inovação
529,529,Excelência Pessoal,Educação
530,530,Céu de Possibilidades,Tecnologia e Informação
531,531,SmartHome Solutions,Tecnologia e Inovação
532,532,Santé Solidaire (Saúde Solidária),Saúde e Bem-estar
533,533,Projeto de Inclusão na Oracle,Serviços Sociais
534,534,Projeto de Inclusão na Visa,Serviços Sociais
535,535,TransformaTerra,Sustentabilidade
536,536,Workshops de Wellbeing,Saúde e Bem-estar
537,537,KármicoKale,Saúde e Bem-estar
538,538,AgroInteligente,Agricultura e Alimentação
539,539,SmartCity Transport,Transporte e Logística
540,540,Projeto de Inovação na Amazon,Tecnologia e Inovação
541,541,Programa Empoderamento na B2W Digital,Serviços Sociais
542,542,CONTA (Consciência e Oportunidade Numa Transformação Ambiental),Meio Ambiente
543,543,GreenTech Travel,Transporte e Logística
544,544,AquaRide,Transporte e Logística
545,545,Quest,Educação
546,546,Grifo de Gestão,Desenvolvimento Econômico e Empresarial
547,547,Escola Nota 10,Educação
548,548,Labirinto de Ideias,Tecnologia e Informação
549,549,CulturaInclusiva,Arte e Cultura
550,550,ÓrbitaOrgânica,Agricultura e Alimentação
551,551,Iniciativa Harmonia,Saúde e Bem-estar
552,552,Cronos de Crescimento,Economia e Finanças
553,553,Soluções Sustentáveis,Meio Ambiente
554,554,Iniciativa Diversidade na Braskem,Serviços Sociais
555,555,Programa de Transformação na Facebook,Tecnologia e Inovação
556,556,Projeto de Engenharia de Materiais Avançados,Engenharia
557,557,Sísifo Sistêmico,Tecnologia e Inovação
558,558,Projeto de Implantação de Sistemas de Energia Solar em Comunidades Isoladas,Energia e Recursos
559,559,Desafío+Progreso,Educação
560,560,UrbanEcoTransit,Desenvolvimento Urbano e Infraestrutura
561,561,NexoNatural,Meio Ambiente
562,562,EducaDigital,Tecnologia e Educação
563,563,Programa Empoderamento na Natura,Serviços Sociais
564,564,Desenvolvimento de Líderes para inclusão de PCDs,Educação
565,565,Vínculos Vitais,Serviços Sociais
566,566,Cérebro Saudável,Saúde e Bem-estar
567,567,Karma Kinetic (Cinética do Karma),Tecnologia e Inovação
568,568,YogaYasmim,Saúde e Bem-estar
569,569,Arte Abstracta,Arte e Cultura
570,570,Inclusão e Pertencimento,Serviços Sociais
571,571,Tempo Tranquilo,Saúde e Bem-estar
572,572,Fausto em Finanças,Economia e Finanças
573,573,Ações de Preservação de Ecossistemas Aquáticos,Sustentabilidade
574,574,XenonXilofone,Ciência e Pesquisa
575,575,EcoAviation,Sustentabilidade
576,576,Programa de Capacitação em Tecnologia para Idosos,Educação
577,577,Zelo Zen,Educação
578,578,TodosTriunfo,Educação
579,579,Desafío+Transformación,Educação
580,580,Projeto de Reciclagem de Eletroeletrônicos,Tecnologia e Inovação
581,581,UrbanMobility Solutions,Tecnologia e Inovação
582,582,Desenvolvimento de Nanorrobôs para Medicina,Ciência e Pesquisa
583,583,Kiosque de Conhecimento,Educação
584,584,CleanEnergy Transport,Transporte e Logística
585,585,Programa Empoderamento na Gerdau,Serviços Sociais
586,586,Quíron Quântico,Ciência e Pesquisa
587,587,EcoMove,Sustentabilidade
588,588,Quando É Tarde Demais?,Meio Ambiente
589,589,Parceria com Escolas para Criação de Horta Escolar Vertical em Ambientes Urbanos,Educação
590,590,Projeto Igualdade na Azul,Serviços Sociais
591,591,Projeto de Implantação de Sistemas de Energia Eólica em Zonas Industriais,Energia e Recursos
592,592,Ações de Bem-Estar na SaúdeTotal,Saúde e Bem-estar
593,593,Projeto Vida Saudável,Saúde e Bem-estar
594,594,Caminho Verde: Projeto de Mobilidade Sustentável,Transporte e Logística
595,595,IA em Diagnóstico Médico por Imagem,Tecnologia e Saúde
596,596,Programa de Capacitação em Agricultura Orgânica para Pequenos Produtores,Educação
597,597,"Ações de bem estar, saúde e felicidade na Thyssenkrupp",Saúde e Bem-estar
598,598,Campanha de Sensibilização para a Adoção de Transporte Público em Áreas Urbanas,Transporte e Logística
599,599,Desenvolvimento de Tecnologia para Reciclagem de Plásticos,Tecnologia e Inovação
600,600,Proyecto de Desarrollo de Talento,Educação
601,601,Escudo Ambiental,Sustentabilidade
602,602,OrganizaçãoÓpalo,Estratégia e Gestão
603,603,Projeto Harmony: Iniciativa de Construção Comunitária Inter-religiosa,Desenvolvimento Comunitário
604,604,Iniciativa de Bem-Estar no Trabalho,Saúde e Bem-estar
605,605,Iniciativa Diversidade na Bradesco,Serviços Sociais
606,606,ResíduoResponsável,Meio Ambiente
607,607,Iniciativa de Educação Ambiental para Crianças em Situação de Vulnerabilidade,Educação
608,608,Projeto de Valorização da Cultura Local em Bairros Multiculturais,Serviços Sociais
609,609,Desenvolvimento de Tecnologia para Monitoramento de Poluição Sonora,Tecnologia e Inovação
610,610,ProjectEco: Projeto Ecológico,Sustentabilidade
611,611,CRISPR-Cas12 para Detecção de Marcadores Genéticos,Engenharia
612,612,ExoXisto,Ciência e Pesquisa
613,613,Projeto Nova Era,Educação
614,614,Programa Startup Booster,Empreendedorismo e Inovação
615,615,Projeto Equidade na Cielo,Serviços Sociais
616,616,OCEANO (Oportunidades Comunitárias e Educação Ambiental no Nosso entorno),Educação
617,617,Iniciativa de Redução do Consumo de Água em Condomínios Residenciais,Sustentabilidade
618,618,Campanha de Reciclagem de Resíduos Eletrônicos em Escolas,Educação
619,619,Projeto Igualdade na JBS,Serviços Sociais
620,620,UrbanMove,Tecnologia e Informação
621,621,IA em Descoberta de Biomarcadores Genéticos,Ciência e Pesquisa
622,622,Programa de Bem-Estar na Netflix,Saúde e Bem-estar
623,623,Iniciativa de Mentoria Profissional,Educação
624,624,PromoveEducação,Educação
625,625,Projeto de Gestão de Conflitos,Gestão e Recursos Humanos
626,626,Nurture,Educação
627,627,Crescimento e Desenvolvimento,Educação
628,628,GRÃO (Gestão de Recursos Ambientais e Oportunidades Naturais),Meio Ambiente
629,629,Innovation for Inclusion: Technology Training for Persons with Disabilities,Tecnologia e Inovação
630,630,Iniciativa Diversidade na Duratex,Serviços Sociais
631,631,FloraFeldspato,Ciência e Pesquisa
632,632,Talos Tecnológico,Tecnologia e Inovação
633,633,Jornada Jurídica,Serviços Sociais
634,634,Projeto Valores Compartilhados,Serviços Sociais
635,635,InnovaEquidad,Serviços Sociais
636,636,Transformação Organizacional,Educação
637,637,ExpandeEmpatia,Saúde e Bem-estar
638,638,Geração Global,Serviços Sociais
639,639,Iniciativa de Desenvolvimento de Talentos,Educação
640,640,Iniciativa de Análise de Dados Ambientais,Meio Ambiente
641,641,Estudos de Supercondutividade em Materiais Quânticos,Ciência e Pesquisa
642,642,Mobilidade Máxima,Transporte e Logística
643,643,FOCO (Formação e Oportunidade para Criação de Oportunidades),Educação
644,644,Kreativ Kraft (Força Criativa),Arte e Cultura
645,645,Kinética Cultural,Arte e Cultura
646,646,FOCA (Formação e Oportunidades para Comunidades Ativas),Educação
647,647,Programa Saúde Mental,Saúde e Bem-estar
648,648,Educação Verde: Sustentabilidade nas Escolas,Educação e Meio Ambiente
649,649,Mercado Multicultural,Arte e Cultura
650,650,ImpulsaDesarrollo,Educação
651,651,Projeto de Gestão de Crises,Estratégia e Gestão
652,652,Pursue,Educação
653,653,IA em Modelagem Climática Global,Meio Ambiente
654,654,TransTech Ventures,Transporte e Tecnologia
655,655,Gracia Verde (Graça Verde),Meio Ambiente
656,656,Interseccionalidade nas lideranças,Gestão e Recursos Humanos
657,657,Programa Inclusão na Odebrecht,Serviços Sociais
658,658,DriveSphere,Tecnologia e Informação
659,659,Proj. Youth: Projeto Juventude,Educação
660,660,TechTalentos,Tecnologia e Informação
661,661,Desenvolvimento de Tecnologia para Agricultura Sustentável,Tecnologia e Inovação
662,662,Caminho Verde: Promoção da Mobilidade Sustentável,Transporte e Logística
663,663,Projeto de Engenharia de Biomateriais,Engenharia
664,664,GreenTech Solutions: Soluções Tecnológicas Sustentáveis,Tecnologia e Inovação
665,665,Programa Transforme-se,Saúde e Bem-estar
666,666,EcoLogistics,Sustentabilidade
667,667,Beyond Borders: Promoção da Diversidade e Inclusão,Serviços Sociais
668,668,Desenvolvimento de Talentos,Educação
669,669,LER (Liberdade de Expressão e Reflexão),Educação
670,670,Whispering Wind (Sussurro do Vento),Meio Ambiente
671,671,Ações de Saúde Mental na Pharmex,Saúde e Bem-estar
672,672,EducaAmbiental,Educação e Meio Ambiente
673,673,Programa Inclusão na Santander,Serviços Sociais
674,674,SkyShift,Tecnologia e Informação
675,675,EducaInclusão,Educação
676,676,Saúde Pública,Saúde e Bem-estar
677,677,Parceria com ONGs para Preservação de Corais em Áreas Costeiras,Sustentabilidade
678,678,IA em Diagnóstico Precoce de Doenças,Tecnologia e Saúde
679,679,Rêve Réalité (Sonho Realidade),Serviços Sociais
680,680,Proyecto Impacto Positivo,Serviços Sociais
681,681,SmartMove,Tecnologia e Informação
682,682,Projeto de Equilíbrio entre Trabalho e Vida Pessoal,Gestão e Recursos Humanos
683,683,Por Que a Educação Transforma?,Educação
684,684,Lírio de Lore,Educação
685,685,GreenTech: Tecnologia Ambiental,Tecnologia e Meio Ambiente
686,686,Programa Equidade na Petrobras,Serviços Sociais
687,687,EcoTrans Ventures,Sustentabilidade
688,688,Tecnologia Tranquila,Tecnologia e Inovação
689,689,TerraTecnologia,Tecnologia e Informação
690,690,WebWisteria,Tecnologia e Informação
691,691,Iniciativa do Desempenho,Educação
692,692,Programa de Integridade - Selo Pró Ética,Direito e Governança
693,693,Biotecnologia Brilhante,Engenharia
694,694,Programa de Capacitação em Empreendedorismo para Refugiados,Educação
695,695,Iniciativa de Análise de Dados Genômicos,Ciência e Pesquisa
696,696,Project Harmony: Building Interfaith Dialogue and Cooperation,Desenvolvimento Comunitário
697,697,Iniciativa de Educação Ambiental para Crianças em Situação de Risco,Educação
698,698,SONHA (Soluções Oníricas para Necessidades Humanas e Ambientais),Educação
699,699,VIGIA (Vigilância Integrada para Gestão e Impacto Ambiental),Meio Ambiente
700,700,Innovate4Good: Inovação para o Bem,Tecnologia e Inovação
701,701,EcoTransit Systems,Tecnologia e Inovação
702,702,Solstice Solace (Consolo do Solstício),Arte e Cultura
703,703,EcoRide Solutions,Tecnologia e Inovação
704,704,Desafio de Vida Sustentável: Campanha de Estilo de Vida Sustentável,Sustentabilidade
705,705,Programa de Diversidade e Inclusão,Gestão e Recursos Humanos
706,706,Quem Inova?,Tecnologia e Inovação
707,707,Pilar da Prosperidade,Economia e Finanças
708,708,HarmonizaHumanidade,Saúde e Bem-estar
709,709,Projeto Azul: Conservação da Água em Práticas Agrícolas,Agricultura e Alimentação
710,710,Semente do Futuro,Educação
711,711,Montagne Mystique (Montanha Mística),Turismo e Lazer
712,712,Negra Rosa,Desenvolvimento Econômico e Empresarial
713,713,InovaçãoCultural,Arte e Cultura
714,714,Palais du Progrès (Palácio do Progresso),Educação
715,715,CleanEnergy Innovations,Energia e Recursos
716,716,HealthTech Ventures,Tecnologia e Saúde
717,717,Programa Avance,Educação
718,718,LinguísticaLavanda,Educação
719,719,Campanha de Sensibilização para a Redução do Uso de Plásticos em Praias,Meio Ambiente
720,720,Iniciativa de Acessibilidade em Espaços Públicos,Desenvolvimento Urbano e Infraestrutura
721,721,AcciónSostenible,Sustentabilidade
722,722,Janela para o Mundo,Educação
723,723,EducaVida,Educação
724,724,FutureCommute Solutions,Tecnologia e Inovação
725,725,Noble Nécessité (Necessidade Nobre),Serviços Sociais
726,726,Iniciativa Força Jovem,Educação
727,727,SínteseSáfira,Ciência e Pesquisa
728,728,DE&I na Vitacon,Serviços Sociais
729,729,Vida Ativa,Saúde e Bem-estar
730,730,Projeto Cooperação e Aprendizado,Educação
731,731,JogoJaspe,Tecnologia e Dados
732,732,InnovaCambio,Educação
733,733,Zenith Zephyr (Zênite Zéfiro),Tecnologia e Inovação
734,734,Tech4All: Tecnologia para Todos,Tecnologia e Inovação
735,735,Programa de Astronomia Observacional,Ciência e Pesquisa
736,736,Inovação Pessoal,Educação
737,737,ConexiónBienestar,Saúde e Bem-estar
738,738,Psicologia Cognitiva Aplicada,Saúde e Bem-estar
739,739,VelocityVoyage,Tecnologia e Informação
740,740,FAUNA (Formação e Ações Unificadas para a Natureza e Animais),Meio Ambiente
741,741,Diálogo Dinâmico,Educação
742,742,EcoFriendly Commute,Sustentabilidade
743,743,SaludMental+,Saúde e Bem-estar
744,744,TechBridge: Promoção da Alfabetização Digital em Comunidades Carentes,Educação
745,745,Âncora da Estabilidade,Economia e Finanças
746,746,Júpiter Jurídico,Direito e Governança
747,747,Programa de Capacitação em Artesanato para Mulheres Chefes de Família,Educação
748,748,FórumFuturista,Ciência e Pesquisa
749,749,InnovaTalento,Educação
750,750,ÓrbitaOpala,Ciência e Pesquisa
751,751,TecidoTecnológico,Tecnologia e Informação
752,752,Aprendizado Profundo,Tecnologia e Dados
753,753,Programa de Educação Financeira em Escolas de Baixa Renda,Educação
754,754,Iniciativa de Bioengenharia de Tecidos,Engenharia
755,755,NutriNature,Saúde e Bem-estar
756,756,DELTA (Desenvolvimento e Educação Local por Tecnologia e Apoio),Educação
757,757,Desenvolvimento de Tecnologia para Monitoramento de Poluição do Ar,Tecnologia e Inovação
758,758,Motivate,Educação
759,759,Como Fazemos a Diferença?,Serviços Sociais
760,760,Iniciativa de Biologia Molecular Avançada,Ciência e Pesquisa
761,761,Desenvolvimento Sustentável,Sustentabilidade
762,762,Iniciativa de Igualdade na HP,Serviços Sociais
763,763,Spark,Empreendedorismo e Inovação
764,764,CriaçãoTech,Tecnologia e Inovação
765,765,VENTO (Vigilância Ecológica e Novas Tecnologias Organizadas),Meio Ambiente
766,766,Gaia Galleria (Galeria Gaia),Arte e Cultura
767,767,EducaCrecimiento,Educação
768,768,Âncora do Futuro,Sustentabilidade
769,769,EcoPulse,Tecnologia e Meio Ambiente
770,770,HojeMelhor,Educação
771,771,Apoio à Produção de Alimentos Orgânicos em Pequenas Propriedades,Agricultura e Alimentação
772,772,CuidaCidades,Desenvolvimento Urbano e Infraestrutura
773,773,Cidades Verdes: Integração de IoT para Desenvolvimento Sustentável,Tecnologia e Inovação
774,774,SINAL (Sistema Inovador de Navegação e Apoio Local),Tecnologia e Inovação
775,775,HidroHolograma,Meio Ambiente
776,776,Programa de Educação Ambiental em Escolas,Educação
777,777,ConstróiSaúde,Saúde e Infraestrutura
778,778,Balão de Possibilidades,Educação
779,779,DesarrolloTalento+,Educação
780,780,Xereta da Xerazade,Educação
781,781,Iniciativa de Redução de Desperdício de Papel em Escritórios,Sustentabilidade
782,782,Além de Barreiras: Inclusão de Pessoas com Deficiência no Local de Trabalho,Serviços Sociais
783,783,UrbanFlow,Tecnologia e Informação
784,784,Fadas Madrinhas para combate à violência contra a mulher,Serviços Sociais
785,785,SmartLife Tech,Tecnologia e Inovação
786,786,CulturaConecta,Arte e Cultura
787,787,Vidas Virtuosas,Educação
788,788,TechSoup: Acesso à Tecnologia para Organizações Sem Fins Lucrativos,Tecnologia e Inovação
789,789,Bioengenharia de Tecidos com Impressão 3D,Engenharia
790,790,IA em Modelagem de Ecossistemas Terrestres,Meio Ambiente
791,791,Renewable Revolution: Implementação de Parques Eólicos Comunitários,Energia e Recursos
792,792,Círculo da Vida,Saúde e Bem-estar
793,793,Mentoria e Aprendizado,Educação
794,794,Iniciativa de Redução do Uso de Plásticos Descartáveis em Restaurantes,Sustentabilidade
795,795,Belleza Bio (Beleza Biológica),Saúde e Bem-estar
796,796,Achieve,Educação
797,797,Xcel,Educação
798,798,Eco Équilibre (Equilíbrio Ecológico),Meio Ambiente
799,799,EcoEnergia,Energia e Recursos
800,800,Fleur de Futur (Flor do Futuro),Meio Ambiente
801,801,Cristal da Tecnologia,Tecnologia e Inovação
802,802,Vela do Progresso,Empreendedorismo e Inovação
803,803,Projeto Sustentável na Coca-Cola,Sustentabilidade
804,804,Novas Navegações,Educação
805,805,Desenvolvimento de Competências,Educação
806,806,Floresta Urbana,Desenvolvimento Urbano e Infraestrutura
807,807,Xenofilia e Xerofilia,Arte e Cultura
808,808,Projeto de Valorização,Educação
809,809,Programa de Engajamento,Educação
810,810,Campanha de Conscientização sobre Desperdício de Energia em Escolas,Educação
811,811,AirSail,Tecnologia e Informação
812,812,SABER (Soluções Ambientais Baseadas em Educação e Resiliência),Educação
813,813,Desenvolvimento de Tecnologia para Monitoramento de Poluição Atmosférica,Tecnologia e Inovação
814,814,Estudos de Resistência de Patógenos a Antimicrobianos,Saúde e Pesquisa
815,815,Torre de Babel Tecnológica,Tecnologia e Informação
816,816,Programa de Bem-Estar na McDonald's,Saúde e Bem-estar
817,817,Quem Lidera a Mudança?,Educação
818,818,Youth Empowerment Program: Desenvolvimento de Liderança para Jovens em Risco,Educação
819,819,Edição Genômica com CRISPR,Ciência e Pesquisa
820,820,Projeto Inclusão na Ambev,Serviços Sociais
821,821,Robôs Amigáveis,Tecnologia e Inovação
822,822,Inovação Aberta,Tecnologia e Inovação
823,823,Onda do Sucesso,Desenvolvimento Econômico e Empresarial
824,824,EcoMotion,Sustentabilidade
825,825,Luzes da Liderança,Educação
826,826,Flourish,Desenvolvimento Comunitário
827,827,TranscendX,Tecnologia e Informação
828,828,Proyecto de Salud Ocupacional,Saúde e Bem-estar
829,829,Física de Altas Energias,Ciência e Pesquisa
830,830,InspiraInclusão,Educação
831,831,GreenPath,Sustentabilidade
832,832,HealthTech Futures,Tecnologia e Inovação
833,833,CRISPR-Cas12 para Detecção de Patógenos,Engenharia
834,834,Projeto Vitalidade,Saúde e Bem-estar
835,835,Programa de Estudos de Matéria Escura,Ciência e Pesquisa
836,836,SmartPorts,Transporte e Logística
837,837,Como É o Mundo Que Queremos?,Educação
838,838,Programa de Inclusão na Tesla,Serviços Sociais
839,839,Reciclagem Eficiente,Meio Ambiente
840,840,Iniciativa de Desenvolvimento na Adobe,Educação
841,841,Clean Energy for All: Acesso à Energia Solar,Energia e Recursos
842,842,Parceria com Universidades para Pesquisa em Sustentabilidade,Educação
843,843,FutureFlight,Tecnologia e Informação
844,844,Ações de Promoção da Saúde Mental em Instituições de Ensino,Saúde e Bem-estar
845,845,Iniciativa Igualdade na Vale,Serviços Sociais
846,846,BeyondBrd: Além das Fronteiras,Desenvolvimento Internacional
847,847,Iniciativa de Saúde Integral,Saúde e Bem-estar
848,848,SmartVehicle Charging,Tecnologia e Informação
849,849,Iniciativa de Desenvolvimento na Toyota,Educação
850,850,Parceria com Escolas para Criação de Hortas Escolares Orgânicas,Educação
851,851,Movimento Mais,Saúde e Bem-estar
852,852,Justiça Jovem,Serviços Sociais
853,853,Programa Empoderamento na Eletrobras,Serviços Sociais
854,854,InovaçãoCidadã,Empreendedorismo e Inovação
855,855,Rastreamento de Emissões de Carbono na Cadeia de Suprimentos,Sustentabilidade
856,856,Onde Vamos Chegar?,Educação
857,857,Muralha da Inovação,Tecnologia e Inovação
858,858,Innovate for Impact: Soluções Tecnológicas para Desafios Sociais,Tecnologia e Inovação
859,859,ÍconeInovador,Tecnologia e Informação
860,860,Programa de Desenvolvimento de Habilidades Socioemocionais,Educação
861,861,Campanha de Sensibilização para a Redução do Uso de Agrotóxicos em Áreas Rurais,Agricultura e Alimentação
862,862,Labirinto de Liderança,Educação
863,863,Água Limpa,Saúde e Infraestrutura
864,864,Jano de Justiça,Direito e Governança
865,865,Yoga da Yalda,Saúde e Bem-estar
866,866,SkySprint,Transporte e Logística
867,867,EmpowHer: Capacitação Feminina,Educação
868,868,AirScape,Tecnologia e Informação
869,869,EcoDrive,Transporte e Logística
870,870,TranscendenceTech,Tecnologia e Inovação
871,871,Programa de Engajamento de Funcionários,Gestão e Recursos Humanos
872,872,SmartMaritime,Transporte e Logística
873,873,Projeto de Arquitetura de Computadores Quânticos,Tecnologia e Informação
874,874,Grasp,Educação
875,875,Carrossel do Aprendizado,Educação
876,876,Iniciativa Diversidade na Cosan,Serviços Sociais
877,877,Programa Impulsiona Pequenos Negócios,Economia e Finanças
878,878,Inteligência Artificial Biomédica,Tecnologia e Saúde
879,879,Neurociência Computacional,Ciência e Pesquisa
880,880,Programa de Bem-Estar na Microsoft,Saúde e Bem-estar
881,881,Sonhos Sólidos,Educação
882,882,Projeto Verde: Iniciativa de Reflorestamento Urbano,Sustentabilidade
883,883,Estrela Guia,Educação
884,884,Xícara de Xeque,Estratégia e Gestão
885,885,Projeto de Implantação de Sistemas de Tratamento de Esgoto em Comunidades Rurais,Sustentabilidade
886,886,Jardim do Conhecimento,Educação
887,887,LíderesInnovadores,Educação
888,888,RenewTech,Energia e Recursos
889,889,Kindle,Educação
890,890,EcoDrive Dynamics,Sustentabilidade
891,891,Flauta do Futuro,Arte e Cultura
892,892,SpeedSmart,Transporte e Tecnologia
893,893,Beyond Borders: Iniciativa de Integração de Refugiados,Serviços Sociais
894,894,Dream Big,Educação
895,895,Projeto de Reconhecimento e Recompensas,Gestão e Recursos Humanos
896,896,VenceVida,Saúde e Bem-estar
897,897,Aquiles Arte,Arte e Cultura
898,898,Foster,Desenvolvimento Comunitário
899,899,Estudos de Work-Life Balance,Saúde e Bem-estar
900,900,O Que Podemos Construir Juntos?,Desenvolvimento Comunitário
901,901,Projeto Conexão Global,Educação
902,902,PromoveAlimentação,Saúde e Bem-estar
903,903,Green Growth Accelerator: Incubadora de Negócios Sustentáveis,Desenvolvimento Econômico e Empresarial
904,904,FuturoEducação,Educação
905,905,Midas Moderno,Economia e Finanças
906,906,Sensibilização sobre D&I aos colaboradores,Gestão e Recursos Humanos
907,907,Diversidade Impulsiona Inovação: Treinamento de Inclusão Corporativa,Educação
908,908,Felicidade Interna Bruta aplicada ao negócio,Saúde e Bem-estar
909,909,Iniciativa Empreendedorismo Jovem,Educação
910,910,Apoio à Economia Circular em Pequenas Empresas,Desenvolvimento Econômico e Empresarial
911,911,Iniciativa Diversidade na Oi,Serviços Sociais
912,912,Cultura Cosmopolita,Arte e Cultura
913,913,Programa Prosperidade,Desenvolvimento Econômico e Empresarial
914,914,Programa de Capacitação em Empreendedorismo para Jovens em Comunidades Rurais,Educação
915,915,Inovação em Capacitação,Educação
916,916,CRISPR-Cas9 em Engenharia de Plantas,Engenharia
917,917,Campanha de Conscientização sobre Consumo Responsável,Sustentabilidade
918,918,Invictus Inclusão,Serviços Sociais
919,919,FortificaFuturos,Educação
920,920,DataWave,Tecnologia e Dados
921,921,Projeto de Inovação na Nestlé,Tecnologia e Inovação
922,922,Joy Jump,Serviços Sociais
923,923,União Uplift,Educação
924,924,Ar Limpo,Meio Ambiente
925,925,Desenvolvimento de Tecnologia para Monitoramento de Incêndios Florestais,Tecnologia e Inovação
926,926,Éclat Éducatif (Brilho Educativo),Educação
927,927,Reforma que Transforma,Desenvolvimento Urbano e Infraestrutura
928,928,Onde Estão os Desafios?,Educação
929,929,DesenvolveDireitos,Direito e Governança
930,930,Iniciativa de Química Computacional,Ciência e Pesquisa
931,931,Jornada da Justiça,Direito e Governança
932,932,Cuidado Infantil,Saúde e Bem-estar
933,933,NavegaNobres,Educação
934,934,TechSoup: Providing Technology Access to Nonprofit Organizations,Tecnologia e Inovação
935,935,CRISPR em Terapia de Doenças Hereditárias,Ciência e Pesquisa
936,936,Cidades Criativas,Desenvolvimento Urbano e Infraestrutura
937,937,Campanha de Reflorestamento em Áreas Urbanas,Meio Ambiente
938,938,Programa de Incentivo à Biodiversidade em Áreas Urbanas,Meio Ambiente
939,939,Campanha de Sensibilização para a Adoção de Energias Renováveis,Energia e Recursos
940,940,DesarrolloHumano+,Educação
941,941,TransformaMar,Meio Ambiente
942,942,ConexiónSolidaridad,Serviços Sociais
943,943,SmartCity Mobility,Tecnologia e Informação
944,944,TERRA (Tecnologia e Educação para a Revitalização de Recursos Ambientais),Educação
945,945,Alquimia da Ação,Sustentabilidade
946,946,RURAL (Reformas Únicas para Uso da Terra e Agricultura Local),Agricultura e Alimentação
947,947,Flecha da Focalização,Educação
948,948,Tech4Dev: Tecnologia para Desenvolvimento,Tecnologia e Inovação
949,949,DadosDiamante,Tecnologia e Informação
950,950,Projeto de Inovação na Sony,Tecnologia e Inovação
951,951,Projeto Esperança,Desenvolvimento Comunitário
952,952,Inclusão Produtiva,Serviços Sociais
953,953,EmpowerTech: Capacitação em Tecnologia para Mulheres,Educação
954,954,Urgências Urbanas,Desenvolvimento Urbano e Infraestrutura
955,955,FutureTransit Hubs,Tecnologia e Informação
956,956,Ciência Verde,Meio Ambiente
957,957,Project Harmony: Diálogo e Cooperação Inter-religiosa,Desenvolvimento Comunitário
958,958,Campanha de Sensibilização para o Uso Consciente de Energia em Residências,Sustentabilidade
959,959,AscendAção,Educação
960,960,Dionísio Digital,Tecnologia e Inovação
961,961,SustentaEducação,Educação
962,962,EmpreendeJovem,Educação
963,963,Operações Otimizadas,Desenvolvimento Econômico e Empresarial
964,964,Ações de Promoção da Diversidade e Inclusão em Ambientes Corporativos,Gestão e Recursos Humanos
965,965,Ponte para o Futuro,Desenvolvimento Comunitário
966,966,Projeto de Implantação de Sistemas de Coleta Seletiva em Condomínios Residenciais,Sustentabilidade
967,967,Biologia Sintética Aplicada,Engenharia
968,968,Ações de Bem-Estar na SaúdeMais,Saúde e Bem-estar
969,969,Campanha de Conscientização sobre Consumo Consciente de Moda,Sustentabilidade
970,970,Iniciativa de Redução do Desperdício de Alimentos em Eventos Corporativos,Sustentabilidade
971,971,TransformaAlimentação,Agricultura e Alimentação
972,972,Leap,Tecnologia e Inovação
973,973,Estudio de Clima Organizacional,Educação
974,974,Ações de Sensibilização sobre Direitos Humanos em Ambientes Corporativos,Serviços Sociais
975,975,LíderesConscientes,Educação
976,976,OtimizaOportunidades,Educação
977,977,Farol da Esperança,Saúde e Bem-estar
978,978,Projeto de Redução de Desperdício de Água em Residências,Sustentabilidade
979,979,Inovação em Liderança,Educação
980,980,Desenvolvimento de Vacinas com RNA,Engenharia
981,981,Ações de DE&I na Wacker,Serviços Sociais
982,982,Projeto de Feedback Construtivo,Gestão e Recursos Humanos
983,983,Lift Off,Tecnologia e Inovação
984,984,Iniciativa de Saúde e Segurança no Trabalho,Saúde e Bem-estar
985,985,Ações de Promoção da Saúde Mental em Instituições de Saúde Mental,Saúde e Bem-estar
986,986,Cometa da Criatividade,Arte e Cultura
987,987,Modelagem Climática Global,Meio Ambiente
988,988,Tecnologia Segura,Tecnologia e Inovação
989,989,Projeto de Diversidade na Mastercard,Serviços Sociais
990,990,Triumph,Educação
991,991,ElectricFleet,Transporte e Tecnologia
992,992,Parceria com ONGs para Preservação de Habitats de Animais Silvestres,Sustentabilidade
993,993,Sabin Inclusivo: Promovendo a Ascensão Profissional de Lideranças Pretas,Serviços Sociais
994,994,Proyecto Esperanza+,Serviços Sociais
995,995,Iniciativas Inovadoras,Tecnologia e Inovação
996,996,Escada para as Estrelas,Ciência e Pesquisa
997,997,EficiênciaEducativa,Educação
998,998,SmartFreight,Tecnologia e Informação
999,999,Educação Digital,Tecnologia e Educação
1000,1000,DesarrolloSostenible+,Sustentabilidade
1001,1001,Zaratustra Zero Waste,Meio Ambiente
1002,1002,CleanMass Transit,Transporte e Logística
1003,1003,Gerência Generosa,Desenvolvimento Econômico e Empresarial
1004,1004,LogísticaLímpida,Transporte e Logística
1005,1005,EcoDrive Innovations,Transporte e Logística
1006,1006,Xénophile Xylophone (Xilofone Xenófilo),Arte e Cultura
1007,1007,Oportunidades Orgânicas,Agricultura e Alimentação
1008,1008,Teia de Conexões,Tecnologia e Informação
1009,1009,TechBridge: Fostering Digital Literacy in Underserved Communities,Tecnologia e Inovação
1010,1010,Inovação para Todos: Capacitação Tecnológica para Idosos,Tecnologia e Inovação
1011,1011,Projeto de Implantação de Sistemas de Energia Solar em Escolas Públicas,Educação
1012,1012,UrbanismoUnakita,Desenvolvimento Urbano e Infraestrutura
1013,1013,Voie Verte (Caminho Verde),Meio Ambiente
1014,1014,EcoRail,Sustentabilidade
1015,1015,Iniciativa Diversidade na Movida,Serviços Sociais
1016,1016,Apoio ao Crescimento,Educação
1017,1017,IA em Genômica Funcional,Ciência e Pesquisa
1018,1018,QuasarQuimera,Ciência e Pesquisa
1019,1019,CriaçãoInclusiva,Desenvolvimento Econômico e Empresarial
1020,1020,Campanha de Sensibilização para o Uso Sustentável de Recursos Hídricos em Indústrias,Sustentabilidade
1021,1021,SmartFleet Management,Transporte e Logística
1022,1022,VoyageX,Tecnologia e Informação
1023,1023,Projeto de Reutilização de Água em Indústrias,Sustentabilidade
1024,1024,Fonte da Juventude,Saúde e Bem-estar
1025,1025,Iniciativa de Estudos Climáticos,Meio Ambiente
1026,1026,ClimaConsciente,Meio Ambiente
1027,1027,TechTransit Dynamics,Transporte e Tecnologia
1028,1028,B-EPIC Brazil Enterprise Productivity & Inclusion Club,Educação
1029,1029,Trilho do Futuro,Sustentabilidade
1030,1030,Parceria com ONGs para Proteção de Espécies Endêmicas,Sustentabilidade
1031,1031,DesenvolveCidadania,Educação
1032,1032,GreenTrans,Transporte e Logística
1033,1033,SocTech: Tecnologia Social,Tecnologia e Inovação
1034,1034,BioBravura,Ciência e Pesquisa
1035,1035,Energia Limpa,Energia e Recursos
1036,1036,Projeto Amor Próprio,Educação
1037,1037,Proj. ASAP: Ação Social para Todos,Desenvolvimento Comunitário
1038,1038,Programa de Modelagem Climática Global,Meio Ambiente
1039,1039,AbraçaArte,Arte e Cultura
1040,1040,DadosDervixe,Tecnologia e Informação
1041,1041,Por Que Aprender Isto?,Educação
1042,1042,Journey,Educação
1043,1043,Projeto de Inclusão na Adobe,Serviços Sociais
1044,1044,Odisséia Organizacional,Desenvolvimento Econômico e Empresarial
1045,1045,Projeto de Implantação de Sistemas de Captação de Água de Chuva em Escolas,Educação
1046,1046,RAIZ (Reforma Agrária Inovadora e Sustentável),Agricultura e Alimentação
1047,1047,Projeto de Implantação de Sistemas de Tratamento de Efluentes em Comunidades Ribeirinhas,Sustentabilidade
1048,1048,FuturoProsperidad,Educação
1049,1049,SolarSolutions,Energia e Recursos
1050,1050,Desenvolvimento de Tecnologia para Reciclagem de Resíduos de Construção Civil,Tecnologia e Inovação
1051,1051,Iniciativa de Combate ao Trabalho Infantil em Cadeias de Suprimentos,Serviços Sociais
1052,1052,Iniciativa de Reaproveitamento de Materiais de Construção em Projetos Habitacionais,Sustentabilidade
1053,1053,Valquíria de Valores,Educação
1054,1054,TecnologiaTurquesa,Tecnologia e Informação
1055,1055,Parceria com ONGs para Proteção de Espécies Ameaçadas,Sustentabilidade
1056,1056,Rise,Educação
1057,1057,RenewablePower,Energia e Recursos
1058,1058,Quem Cuida das Nossas Cidades?,Desenvolvimento Urbano e Infraestrutura
1059,1059,Iniciativa de Desenvolvimento na Coca-Cola,Educação
1060,1060,Projeto de Inteligência Artificial Biomédica,Tecnologia e Saúde
1061,1061,Iniciativa Diversidade na MRV,Serviços Sociais
1062,1062,Drive,Desenvolvimento Econômico e Empresarial
1063,1063,Harness,Tecnologia e Inovação
1064,1064,Projeto de Desenvolvimento de Competências,Educação
1065,1065,Desenvolvimento 360°,Educação
1066,1066,SmartTrans,Transporte e Logística
1067,1067,SustainFarm: Agricultura Sustentável,Sustentabilidade
1068,1068,IA em Descoberta de Novos Fármacos,Engenharia
1069,1069,EcoRitmo,Sustentabilidade
1070,1070,Renewable Futures: Construindo um Futuro Sustentável,Sustentabilidade
1071,1071,Unleash,Empreendedorismo e Inovação
1072,1072,Horizon Hope (Esperança no Horizonte),Serviços Sociais
1073,1073,MenteMóvel,Educação
1074,1074,Espiral de Soluções,Tecnologia e Informação
1075,1075,Horizonte Limpo,Meio Ambiente
1076,1076,Nouveau Natura (Nova Natureza),Meio Ambiente
1077,1077,GreenGlide,Sustentabilidade
1078,1078,Programa Impulsiona Start-Ups,Educação
1079,1079,Prospera,Desenvolvimento Econômico e Empresarial
1080,1080,Yacht para o Futuro,Educação
1081,1081,L'Arte di Innovare (A Arte de Inovar),Educação
1082,1082,EcoCar Sharing,Sustentabilidade
1083,1083,Univers Urbain (Universo Urbano),Desenvolvimento Urbano e Infraestrutura
1084,1084,Projeto de Redução de Emissões de Gases de Efeito Estufa em Indústrias,Sustentabilidade
1085,1085,Como Melhorar o Mundo?,Desenvolvimento Comunitário
1086,1086,TransformaCultura,Arte e Cultura
1087,1087,ÚtilUtopia,Economia e Finanças
1088,1088,Iniciativa de Valorização da Cultura Local em Comunidades Indígenas,Serviços Sociais
1089,1089,Onde Está o Equilíbrio?,Saúde e Bem-estar
1090,1090,Océan Ouvert (Oceano Aberto),Meio Ambiente
1091,1091,ElectricPublic Transit,Transporte e Logística
1092,1092,Pandora de Projetos,Geral e Diversificado
1093,1093,Programa de Capacitação em Tecnologia para Jovens em Situação de Vulnerabilidade,Educação
1094,1094,InformaçãoÍndigo,Tecnologia e Informação
1095,1095,DataOptimize,Tecnologia e Dados
1096,1096,Desenvolvimento de Tecnologia para Monitoramento de Desmatamento,Tecnologia e Inovação
1097,1097,TransTech Dynamics,Transporte e Tecnologia
1098,1098,Projeto Inovação e Crescimento,Tecnologia e Inovação
1099,1099,Quem Cuida?,Saúde e Bem-estar
1100,1100,DriveLogic,Tecnologia e Informação
1101,1101,GeraGentileza,Educação
1102,1102,ConexiónTalento,Educação
1103,1103,Vivre Sain (Viver Saudável),Saúde e Bem-estar
1104,1104,Aqua Vita (Água da Vida),Meio Ambiente
1105,1105,Iniciativa de Igualdade na Nike,Serviços Sociais
1106,1106,Desenvolvimento de Potencial,Educação
1107,1107,Realeza Renovável,Energia e Recursos
1108,1108,SONAR (Soluções Organizadas de Navegação e Apoio Rural),Agricultura e Alimentação
1109,1109,ElevaEspírito,Educação
1110,1110,Programa de Transformação na Oracle,Tecnologia e Inovação
1111,1111,Renewable Resources,Sustentabilidade
1112,1112,Programa de Saúde Ocupacional,Saúde e Bem-estar
1113,1113,Uplift,Desenvolvimento Comunitário
1114,1114,CRISPR para Melhoramento Genético de Culturas,Engenharia
1115,1115,Ações de Promoção da Saúde Mental em Instituições Prisionais,Saúde e Bem-estar
1116,1116,Projeto Vida Nova,Saúde e Bem-estar
1117,1117,Asas da Educação,Educação
1118,1118,FutureTech,Tecnologia e Inovação
1119,1119,Campanha de Sensibilização para a Adoção de Práticas Sustentáveis em Eventos Corporativos,Sustentabilidade
1120,1120,FutureWater Transport,Tecnologia e Inovação
1121,1121,O Que a Ciência Diz?,Educação
1122,1122,"Ações de bem estar, saúde e felicidade na Farmax",Saúde e Bem-estar
1123,1123,DiversityNow: Diversidade Agora,Direito e Governança
1124,1124,Projeto de Inclusão Digital para Idosos em Centros de Convivência,Educação
1125,1125,Quando A Tecnologia Ajuda?,Tecnologia e Inovação
1126,1126,Iniciativa de Reciclagem de Resíduos de Construção Civil em Bairros Populares,Sustentabilidade
1127,1127,"Cultivando o bem-estar, colhendo felicidade!",Saúde e Bem-estar
1128,1128,Projeto de Valorização de Práticas Culturais Tradicionais em Comunidades Indígenas,Serviços Sociais
1129,1129,Teseu em Telecomunicações,Tecnologia e Inovação
1130,1130,Harmonia Habitacional,Desenvolvimento Urbano e Infraestrutura
1131,1131,HídricoHarmonia,Meio Ambiente
1132,1132,Promueve+Diversidad,Serviços Sociais
1133,1133,Nuvem de Inovação,Tecnologia e Inovação
1134,1134,Raio de Esperança,Sustentabilidade
1135,1135,VelocityTech,Tecnologia e Inovação
1136,1136,EcoTech Solutions,Tecnologia e Inovação
1137,1137,Programa Transformação Pessoal,Educação
1138,1138,Rá Revitaliza,Meio Ambiente
1139,1139,Além de Fronteiras: Programa de Integração de Refugiados,Serviços Sociais
1140,1140,CRISPR-Cas9 em Edição de Células-Tronco,Engenharia
1141,1141,Projeto Inovação na Google,Tecnologia e Inovação
1142,1142,Projeto Renascer: Reintegração de Egressos do Sistema Prisional,Serviços Sociais
1143,1143,Montanha da Motivação,Educação
1144,1144,SmartTransport Systems,Tecnologia e Inovação
1145,1145,O Que Torna Isso Possível?,Empreendedorismo e Inovação
1146,1146,Prometeu Progressivo,Tecnologia e Inovação
1147,1147,NAVE (Núcleos de Aprendizado e Valorização Ecológica),Educação
1148,1148,SkySustain,Tecnologia e Inovação
1149,1149,Ações de DE&I na Açotubo,Serviços Sociais
1150,1150,Parceiros pela Paz,Serviços Sociais
1151,1151,Projeto Equidade na EDP,Serviços Sociais
1152,1152,Luz da Liberdade,Direito e Governança
1153,1153,EcoExpress,Transporte e Logística
1154,1154,Projeto de Inteligência Artificial Biomimética,Tecnologia e Dados
1155,1155,Torre de Vigilância,Direito e Governança
1156,1156,Onde Podemos Crescer?,Educação
1157,1157,Iniciativa de Redução do Uso de Agua em Lavanderias Comunitárias,Sustentabilidade
1158,1158,Mosaico de Talentos,Educação
1159,1159,Avenida das Alianças,Economia e Finanças
1160,1160,GreenWheels,Sustentabilidade
1161,1161,Programa de Mentoria para Mulheres Empreendedoras,Educação
1162,1162,JustiçaJovem,Serviços Sociais
1163,1163,GreenComm: Comunicação Verde,Tecnologia e Meio Ambiente
1164,1164,FuturoAlimentar,Agricultura e Alimentação
1165,1165,Quixote Qualitativo,Educação
1166,1166,Atlas de Aspirações,Educação
1167,1167,FutureCommute,Tecnologia e Informação
1168,1168,Educação e Empoderamento,Educação
1169,1169,Programa de Capacitação em Primeiros Socorros em Comunidades Vulneráveis,Saúde e Bem-estar
1170,1170,Programa de Compensación y Beneficios,Serviços Sociais
1171,1171,ZenZircão,Educação
1172,1172,DataSense,Tecnologia e Dados
1173,1173,ClimaCaleidoscópio,Meio Ambiente
1174,1174,ConstróiSustentabilidade,Sustentabilidade
1175,1175,Transcendental Transit,Tecnologia e Informação
1176,1176,FutureTransit Solutions,Transporte e Logística
1177,1177,Beyond Borders: Bridging Cultures through Education,Educação
1178,1178,Desenvolvimento de Tecnologia para Energia Limpa em Áreas Rurais,Tecnologia e Inovação
1179,1179,Yield More,Agricultura e Alimentação
1180,1180,Iniciativa de Nanotecnologia Avançada,Ciência e Pesquisa
1181,1181,Incentivo à Agricultura Urbana em Comunidades Carentes,Agricultura e Alimentação
1182,1182,Programa Inclusão na Lojas Americanas,Serviços Sociais
1183,1183,Raízes do Saber,Educação
1184,1184,EducaEco,Educação
1185,1185,TechTransit Innovations,Transporte e Tecnologia
1186,1186,Ganha e Dá,Empreendedorismo e Inovação
1187,1187,Campanha de Sensibilização para a Redução do Uso de Agrotóxicos,Saúde e Bem-estar
1188,1188,ConsciênciaClimática,Meio Ambiente
1189,1189,PulsoPúblico,Serviços Sociais
1190,1190,DesafioSaúde,Saúde e Bem-estar
1191,1191,SkyStream,Tecnologia e Informação
1192,1192,Projeto de Reflorestamento em Áreas Degradadas,Sustentabilidade
1193,1193,IA em Diagnóstico de Transtornos Neuropsiquiátricos,Ciência e Pesquisa
1194,1194,Bravura de Brunelleschi,Arte e Cultura
1195,1195,ProsperaPaz,Direito e Governança
1196,1196,Propel,Desenvolvimento Econômico e Empresarial
1197,1197,Quem Se Importa?,Desenvolvimento Comunitário
1198,1198,Way Carbon,Tecnologia e Inovação
1199,1199,Educação Ambiental,Educação e Meio Ambiente
1200,1200,Desenvolvimento de Tecnologia para Reciclagem de Resíduos Têxteis,Tecnologia e Inovação
1201,1201,PulsarPérola,Ciência e Pesquisa
1202,1202,Ignite,Empreendedorismo e Inovação
1203,1203,Campanha de Sensibilização para o Descarte Adequado de Resíduos Químicos,Sustentabilidade
1204,1204,Dolce Durable (Doce Duradouro),Sustentabilidade
1205,1205,EducaEmpreendedorismo,Empreendedorismo e Inovação
1206,1206,Urano Urbano,Desenvolvimento Urbano e Infraestrutura
1207,1207,Revolução Renovável: Implementação de Fazendas Solares Comunitárias,Energia e Recursos
1208,1208,JANELA (Justiça Ambiental e Núcleos de Educação para a Liberdade de Ação),Meio Ambiente
1209,1209,QuantumQuest,Ciência e Pesquisa
1210,1210,Zelo Zonal,Desenvolvimento Urbano e Infraestrutura
1211,1211,Projeto de Robótica Biomimética,Tecnologia e Inovação
1212,1212,Resgate Resiliente,Saúde e Bem-estar
1213,1213,Teia de Talentos,Educação
1214,1214,UrbanTech Transit,Transporte e Logística
1215,1215,Iniciativa de Valorização da Cultura Indígena em Escolas Urbanas,Educação
1216,1216,Incentivo à Mobilidade Urbana Sustentável,Transporte e Logística
1217,1217,DesenvolveDurável,Sustentabilidade
1218,1218,SopaTech: Acesso Tecnológico para Instituições Sem Fins Lucrativos,Tecnologia e Inovação
1219,1219,MediTech Solutions,Tecnologia e Inovação
1220,1220,Projeto de Sistemas de Energia Renovável,Energia e Recursos
1221,1221,DataNexus,Tecnologia e Dados
1222,1222,Espelho Social,Educação
1223,1223,O Que Você Precisa Saber?,Educação
1224,1224,Como É Feito Isso?,Tecnologia e Educação
1225,1225,Pura Vida (Vida Pura),Saúde e Bem-estar
1226,1226,DE&I com foco em raça e etnia,Serviços Sociais
1227,1227,TechTransit Solutions,Tecnologia e Inovação
1228,1228,Alquimia das Artes,Arte e Cultura
1229,1229,Xarope para o Progresso,Saúde e Bem-estar
1230,1230,Projeto de Reaproveitamento de Resíduos de Alimentos em Restaurantes,Sustentabilidade
1231,1231,Joya Juvenil (Joia Juvenil),Educação
1232,1232,Desenvolvimento de Nanossensores para Monitoramento Ambiental,Ciência e Pesquisa
1233,1233,Projeto de Inteligência Artificial Explicável,Tecnologia e Dados
1234,1234,Nourish,Saúde e Bem-estar
1235,1235,Desenvolvimento de Tecnologia para Monitoramento de Poluição Hídrica,Tecnologia e Inovação
1236,1236,TechBoost,Tecnologia e Inovação
1237,1237,EcoJet,Sustentabilidade
1238,1238,GOTA (Gestão Organizada de Tecnologias Aquáticas),Meio Ambiente
1239,1239,Trilha da Transformação,Sustentabilidade
1240,1240,Estudos de Bioengenharia de Tecidos,Engenharia
1241,1241,Flexibilidade e Foco,Desenvolvimento Econômico e Empresarial
1242,1242,Estudos de Genética de Populações Humanas,Ciência e Pesquisa
1243,1243,EmpreendeSustentável,Sustentabilidade
1244,1244,VIDA (Valorização e Inovação para o Desenvolvimento Ambiental),Meio Ambiente
1245,1245,Desafío+Inclusión,Serviços Sociais
1246,1246,Inspire,Educação
1247,1247,Blossom,Desenvolvimento Comunitário
1248,1248,Química Quântica Teórica,Ciência e Pesquisa
1249,1249,Estudos de Biodiversidade com Sequenciamento de DNA,Meio Ambiente
1250,1250,IA em Neurociência Cognitiva,Ciência e Pesquisa
1251,1251,EmpowerTech: Programa de Capacitação Digital para Mulheres,Educação
1252,1252,Bioinformática Estrutural,Ciência e Pesquisa
1253,1253,Estudos de Satisfação do Funcionário,Educação
1254,1254,AçãoCidadã,Serviços Sociais
1255,1255,Bon Vivant (Boa Vida),Arte e Cultura
1256,1256,BrilhaBem,Energia e Recursos
1257,1257,Programa Inclusão na Iguatemi,Serviços Sociais
1258,1258,Quest for Quality,Desenvolvimento Econômico e Empresarial
1259,1259,Iniciativa de Desarrollo de Habilidades,Educação
1260,1260,Programa de Física Quântica Experimental,Ciência e Pesquisa
1261,1261,Pulsar do Progresso,Tecnologia e Informação
1262,1262,Innovate for Impact: Technology Solutions for Social Challenges,Tecnologia e Inovação
1263,1263,TechConnect: Inclusão Digital para Comunidades Carentes,Tecnologia e Inovação
1264,1264,RenovaRespeito,Educação
1265,1265,Rio de Renovação,Meio Ambiente
1266,1266,Artistas da Mudança: Treinamento Profissional para Comunidades Desfavorecidas,Educação
1267,1267,JuventudeJade,Educação
1268,1268,Iniciativa de Desenvolvimento de Equipes,Educação
1269,1269,REDE (Resiliência e Desenvolvimento Econômico),Economia e Finanças
1270,1270,Iniciativa de Bioinformática Estrutural,Ciência e Pesquisa
1271,1271,JourneyGenius,Turismo e Tecnologia
1272,1272,Como Viver Sustentavelmente?,Sustentabilidade
1273,1273,Programa Inovação na Prática,Tecnologia e Inovação
1274,1274,Programa de Capacitação em Empreendedorismo para Jovens,Educação
1275,1275,Zênite de Zeus,Ciência e Pesquisa
1276,1276,Hope Horizon,Serviços Sociais
1277,1277,Desenvolvimento de Tecnologia para Reciclagem de Vidro,Tecnologia e Inovação
1278,1278,Programa de Acolhimento de Novos Funcionários,Gestão e Recursos Humanos
1279,1279,EcoDriveX,Transporte e Logística
1280,1280,HabitatsHumanos,Desenvolvimento Urbano e Infraestrutura
1281,1281,Overcome,Educação
1282,1282,EcoFriendly Foods,Sustentabilidade
1283,1283,ConstruyeFelicidad,Serviços Sociais
1284,1284,Clarão do Conhecimento,Educação
1285,1285,AI Analytics,Tecnologia e Dados
1286,1286,Iniciativa de Valorização da Cultura Afro-Brasileira em Escolas,Educação
1287,1287,Projeto Diversidade na Gerdau,Serviços Sociais
1288,1288,EcoMobilidade,Transporte e Logística
1289,1289,CRISPR em Terapia de Doenças Autoimunes,Ciência e Pesquisa
1290,1290,Proj. HOPE: Esperança para Comunidades Carentes,Desenvolvimento Comunitário
1291,1291,Épico de Ética,Educação
1292,1292,CiênciaCitrino,Educação
1293,1293,Iniciativa de Redução de Desperdício Alimentar em Restaurantes,Sustentabilidade
1294,1294,VozVerde,Meio Ambiente
1295,1295,Ações de Promoção da Saúde Mental em Casas de Repouso,Saúde e Bem-estar
1296,1296,Quem Desenvolve a Comunidade?,Desenvolvimento Comunitário
1297,1297,Onde Encontrar Respostas?,Educação
1298,1298,FutureRail,Transporte e Logística
1299,1299,Projeto Neurociência Aplicada,Ciência e Pesquisa
1300,1300,Projeto de Geologia Planetária,Ciência e Pesquisa
1301,1301,Atalho para o Amanhã,Tecnologia e Informação
1302,1302,CiberCultura,Tecnologia e Informação
1303,1303,LíderesHumanos+,Serviços Sociais
1304,1304,Carrossel Comunitário,Desenvolvimento Comunitário
1305,1305,Programa de Diversidad e Inclusión,Serviços Sociais
1306,1306,SmartTransit Innovate,Transporte e Tecnologia
1307,1307,DesenvolveNegócios,Empreendedorismo e Inovação
1308,1308,CRISPR e Edição de Plantas Agrícolas,Engenharia
1309,1309,Projeto de Melhoria do Clima Organizacional,Gestão e Recursos Humanos
1310,1310,Onda Otimista,Saúde e Bem-estar
1311,1311,Estudos de Genômica de Precisão,Ciência e Pesquisa
1312,1312,Redução de fatalidades e acidentes graves,Saúde e Bem-estar
1313,1313,Projeto de Diversidade na Netflix,Serviços Sociais
1314,1314,Projeto Igualdade na GPA,Serviços Sociais
1315,1315,Projeto Igualdade na Itaú,Serviços Sociais
1316,1316,Wotan em Wireless,Tecnologia e Inovação
1317,1317,Waste Watch - Todos de Olho no Desperdício,Sustentabilidade
1318,1318,SBTi (Science Based Targets Initiative),Sustentabilidade
1319,1319,Projeto de Implantação de Sistemas de Captação de Água de Chuva em Residências Urbanas,Meio Ambiente
1320,1320,CRISPR em Terapia de Câncer,Ciência e Pesquisa
1321,1321,Ações de Promoção da Saúde Mental em Asilos,Saúde e Bem-estar
1322,1322,FLORA (Formação Local e Oportunidades para Revitalização Ambiental),Educação
1323,1323,TectônicaTopázio,Ciência e Pesquisa
1324,1324,Programa de Igualdade na Walmart,Serviços Sociais
1325,1325,Estudos de Dinâmica de Populações em Ecologia,Ciência e Pesquisa
1326,1326,Iniciativa de Genômica de Precisão,Ciência e Pesquisa
1327,1327,TransformaEducação,Educação
1328,1328,Hidrogênio Verde,Energia e Recursos
1329,1329,Viver Bem,Saúde e Bem-estar
1330,1330,GreenEdu: Educação Verde,Educação e Meio Ambiente
1331,1331,Programa de Capacitação em Tecnologia para Pessoas em Situação de Vulnerabilidade,Educação
1332,1332,Rede de Realizações,Tecnologia e Informação
1333,1333,VirtualVermelha,Tecnologia e Inovação
1334,1334,CidadeCíclica,Desenvolvimento Urbano e Infraestrutura
1335,1335,"LÍDER (Liderança, Inovação, Desenvolvimento, Educação e Resiliência)",Educação
1336,1336,Vórtice de Soluções,Empreendedorismo e Inovação
1337,1337,Incentivo ao estilo de vida saudável,Saúde e Bem-estar
1338,1338,Ações de Felicidade na Pharmavida,Saúde e Bem-estar
1339,1339,Bem-estar na Busca,Saúde e Bem-estar
1340,1340,AMAR (Ações para Melhorar e Acolher Refugiados),Serviços Sociais
1341,1341,Programa de Mentoria para Empreendedores Sociais,Educação
1342,1342,DataDriven Decisions,Tecnologia e Inovação
1343,1343,Programa de Capacitação em Tecnologia para Pessoas em Situação de Rua,Educação
1344,1344,Wave Forward,Educação
1345,1345,EcoCommute,Sustentabilidade
1346,1346,TransformaNegócios,Empreendedorismo e Inovação
1347,1347,Tech for Good: Empowering Communities through Technology,Tecnologia e Inovação
1348,1348,Iniciativa de Igualdade na Google,Serviços Sociais
1349,1349,Xenofonte Xadrez,Educação
1350,1350,Como Podemos Ajudar?,Serviços Sociais
1351,1351,Estudos de Gestão da Diversidade,Serviços Sociais
1352,1352,Saúde Mental,Saúde e Bem-estar
1353,1353,Projeto de Gestão do Conhecimento,Educação
1354,1354,ConexãoSaúde,Saúde e Bem-estar
1355,1355,Semente da Vida,Saúde e Bem-estar
1356,1356,Como Funciona Isso?,Educação
1357,1357,EmpreendeDigital,Tecnologia e Inovação
1358,1358,Iniciativa Nova Visão,Educação
1359,1359,MotivaMundo,Educação
1360,1360,PromoveInovação,Empreendedorismo e Inovação
1361,1361,Babel Biotech,Engenharia
1362,1362,GreenTransit,Transporte e Logística
1363,1363,Walhalla Wellness,Saúde e Bem-estar
1364,1364,EmpowerHer: Apoio às Mulheres nas Áreas de STEM,Tecnologia e Educação
1365,1365,Prisma do Potencial,Educação
1366,1366,AI Insights,Tecnologia e Dados
1367,1367,Por Que o Futuro Importa?,Educação
1368,1368,EcoRoute Solutions,Tecnologia e Inovação
1369,1369,EmpowerHer: Programa de Bolsas para Mulheres em STEM,Tecnologia e Educação
1370,1370,EcoTrans Solutions,Tecnologia e Inovação
1371,1371,Xerxes Xenofilia,Arte e Cultura
1372,1372,Parceria com Escolas para Criação de Horta Vertical em Ambientes Urbanos,Educação
1373,1373,SÁBIO (Soluções Avançadas para Bem-estar Integral e Oportunidade),Saúde e Bem-estar
1374,1374,"FALA (Formação, Aprendizagem e Liberdade de Ação)",Educação
1375,1375,CICLO (Capacitação Integrada para Conservação e Liderança Organizada),Educação
1376,1376,MOVE (Mobilização Organizada para a Valorização do Espaço),Desenvolvimento Urbano e Infraestrutura
1377,1377,Programa Elevate,Educação
1378,1378,EduGreen: Educação Verde,Educação e Meio Ambiente
1379,1379,Inovação na Cultura Organizacional,Educação
1380,1380,Portal para o Progresso,Desenvolvimento Comunitário
1381,1381,Iniciativa de Economia Solidária em Comunidades Carentes,Desenvolvimento Econômico e Empresarial
1382,1382,EmpowerHer: Supporting Women in STEM Fields,Tecnologia e Educação
1383,1383,NeuroNácar,Ciência e Pesquisa
1384,1384,Quem Precisa de Ajuda?,Serviços Sociais
1385,1385,Labirinto da Liderança,Educação
1386,1386,Por Que a Arte Importa?,Arte e Cultura
1387,1387,TranspireX,Engenharia
1388,1388,Iniciativa de Empoderamento Feminino,Serviços Sociais
1389,1389,Gaia Global,Meio Ambiente
1390,1390,BiodiversidadeBase,Engenharia
1391,1391,Wi-Fi com Impacto,Tecnologia e Inovação
1392,1392,FuturoPróspero,Educação
1393,1393,InovaSaúde,Saúde e Bem-estar
1394,1394,Iniciativa de Inovação na IBM,Tecnologia e Inovação
1395,1395,Quem Cultiva o Bem?,Sustentabilidade
1396,1396,EcoTravels,Sustentabilidade
1397,1397,Projeto Progresso Pessoal,Educação
1398,1398,Liderança e Colaboração,Educação
1399,1399,GráficoGenético,Ciência e Pesquisa
1400,1400,Mininum living wage - base operacional,Economia e Finanças
1401,1401,Espiritu Libre (Espírito Livre),Serviços Sociais
1402,1402,CleanAir Transport,Transporte e Logística
1403,1403,ConectaInovação,Tecnologia e Inovação
1404,1404,Promoção de Energias Renováveis em Comunidades Rurais,Energia e Recursos
1405,1405,EcoRouteX,Tecnologia e Inovação
1406,1406,VeloTech,Tecnologia e Informação
1407,1407,Iniciativa Renovação Pessoal,Educação
1408,1408,Lazer e Logística,Desenvolvimento Urbano e Infraestrutura
1409,1409,EcoFlow,Sustentabilidade
1410,1410,AcciónPositiva,Serviços Sociais
1411,1411,GreenBiz: Negócios Verdes,Sustentabilidade
1412,1412,Iniciativa Rosa Negra,Serviços Sociais
1413,1413,Proyecto Camino+,Educação
1414,1414,DadosDinâmicos,Tecnologia e Informação
1415,1415,Porta para o Possível,Tecnologia e Informação
1416,1416,AçãoCultural,Arte e Cultura
1417,1417,Harmonie Humaine (Harmonia Humana),Serviços Sociais
1418,1418,SmartTrans Solutions,Tecnologia e Inovação
1419,1419,Ações de Promoção da Diversidade e Inclusão em Instituições de Ensino Superior,Educação
1420,1420,Projeto de Inclusão na Nike,Serviços Sociais
1421,1421,Projeto Viva Verde: Promoção do Estilo de Vida Sustentável,Sustentabilidade
1422,1422,EmpreendeNegócios,Empreendedorismo e Inovação
1423,1423,QuânticaQuotidiana,Ciência e Pesquisa
1424,1424,Projeto Renovação,Educação
